label	text
positive	layanan ini cepat dan mudah digunakan
positive	aplikasi berjalan lancar hari ini
positive	dokumentasinya jelas dan membantu
positive	saya suka tampilan aplikasi ini
positive	fitur baru ini sangat berguna
positive	pengalaman belajar sangat menyenangkan
positive	jawaban sistem akurat dan cepat
positive	dukungan tim sangat baik
positive	this service is fast and helpful
positive	the application works very well
positive	I love the clear documentation
positive	great performance and simple design
negative	layanan ini lambat dan membingungkan
negative	aplikasi sering gagal dibuka
negative	dokumentasinya tidak jelas
negative	saya kecewa dengan tampilan ini
negative	fitur baru ini tidak berguna
negative	pengalaman belajar sangat buruk
negative	jawaban sistem salah dan lambat
negative	dukungan tim sangat buruk
negative	this service is slow and broken
negative	the application fails too often
negative	I dislike the confusing documentation
negative	poor performance and difficult design
